{"cameraMode":{"drawMode":0,"name":"Shaded","section":"Shading Mode"},"sceneLighting":false,"audioPlay":false,"sceneViewState":{"m_AlwaysRefresh":false,"showFog":true,"showSkybox":false,"showFlares":true,"showImageEffects":true,"showParticleSystems":true,"showVisualEffectGraphs":true,"m_FxEnabled":true},"in2DMode":false,"pivot":{"x":-1079.2537841796875,"y":187.15086364746095,"z":-1224.4239501953125},"rotation":{"x":0.011837839148938656,"y":0.9879910349845886,"z":-0.09917466342449188,"w":0.11792517453432083},"size":69.59063720703125,"orthographic":false}