{"cameraMode":{"drawMode":0,"name":"Shaded","section":"Shading Mode"},"sceneLighting":false,"audioPlay":false,"sceneViewState":{"m_AlwaysRefresh":false,"showFog":true,"showSkybox":true,"showFlares":true,"showImageEffects":true,"showParticleSystems":true,"showVisualEffectGraphs":true,"m_FxEnabled":true},"in2DMode":false,"pivot":{"x":445.02703857421877,"y":707.0965576171875,"z":-142.03982543945313},"rotation":{"x":0.07520445436239243,"y":-0.022175291553139688,"z":-0.0021067343186587097,"w":-0.9970473647117615},"size":1.4014277458190919,"orthographic":false}