{"cameraMode":{"drawMode":0,"name":"Shaded","section":"Shading Mode"},"sceneLighting":false,"audioPlay":false,"sceneViewState":{"m_AlwaysRefresh":false,"showFog":true,"showSkybox":true,"showFlares":true,"showImageEffects":true,"showParticleSystems":true,"showVisualEffectGraphs":true,"m_FxEnabled":true},"in2DMode":false,"pivot":{"x":-9.542681694030762,"y":93.4621810913086,"z":-359.29107666015627},"rotation":{"x":0.0006870696670375764,"y":-0.9990846514701843,"z":-0.05129826068878174,"w":0.00015144601638894528},"size":132.87681579589845,"orthographic":false}