{"cameraMode":{"drawMode":0,"name":"Shaded","section":"Shading Mode"},"sceneLighting":false,"audioPlay":false,"sceneViewState":{"m_AlwaysRefresh":false,"showFog":true,"showSkybox":true,"showFlares":true,"showImageEffects":true,"showParticleSystems":true,"showVisualEffectGraphs":true,"m_FxEnabled":true},"in2DMode":false,"pivot":{"x":846.240966796875,"y":415.7352294921875,"z":-891.621826171875},"rotation":{"x":0.006599376443773508,"y":0.0056107197888195519,"z":-0.0000267808554781368,"w":1.0001112222671509},"size":51.961524963378909,"orthographic":false}