{"cameraMode":{"drawMode":0,"name":"Shaded","section":"Shading Mode"},"sceneLighting":false,"audioPlay":false,"sceneViewState":{"m_AlwaysRefresh":false,"showFog":true,"showSkybox":true,"showFlares":true,"showImageEffects":true,"showParticleSystems":true,"showVisualEffectGraphs":true,"m_FxEnabled":true},"in2DMode":false,"pivot":{"x":-1039.099365234375,"y":-240.57907104492188,"z":-2177.9267578125},"rotation":{"x":-0.00018868863116949797,"y":-0.9879776239395142,"z":0.15462346374988557,"w":-0.0011911106994375587},"size":836.0394287109375,"orthographic":false}