{"cameraMode":{"drawMode":0,"name":"Shaded","section":"Shading Mode"},"sceneLighting":false,"audioPlay":false,"sceneViewState":{"m_AlwaysRefresh":false,"showFog":true,"showSkybox":true,"showFlares":true,"showImageEffects":true,"showParticleSystems":true,"showVisualEffectGraphs":true,"m_FxEnabled":true},"in2DMode":false,"pivot":{"x":-557.8670654296875,"y":358.409912109375,"z":130.14886474609376},"rotation":{"x":-0.059489354491233829,"y":-0.8625891804695129,"z":0.10703249275684357,"w":-0.49175572395324709},"size":24.044397354125978,"orthographic":false}