{"cameraMode":{"drawMode":0,"name":"Shaded","section":"Shading Mode"},"sceneLighting":false,"audioPlay":false,"sceneViewState":{"m_AlwaysRefresh":false,"showFog":true,"showSkybox":true,"showFlares":true,"showImageEffects":true,"showParticleSystems":true,"showVisualEffectGraphs":true,"m_FxEnabled":true},"in2DMode":false,"pivot":{"x":1095.8853759765625,"y":30.646671295166017,"z":-429.8729248046875},"rotation":{"x":0.06496730446815491,"y":-0.04817713797092438,"z":0.0035630015190690758,"w":0.996890127658844},"size":89.63922119140625,"orthographic":false}