{"cameraMode":{"drawMode":0,"name":"Shaded","section":"Shading Mode"},"sceneLighting":false,"audioPlay":false,"sceneViewState":{"m_AlwaysRefresh":false,"showFog":true,"showSkybox":true,"showFlares":true,"showImageEffects":true,"showParticleSystems":true,"showVisualEffectGraphs":true,"m_FxEnabled":true},"in2DMode":false,"pivot":{"x":1030.2735595703125,"y":620.6566162109375,"z":-1314.95361328125},"rotation":{"x":0.11020775139331818,"y":0.012501575984060765,"z":-0.0012287405552342535,"w":0.994128406047821},"size":103.07764434814453,"orthographic":false}