{"cameraMode":{"drawMode":0,"name":"Shaded","section":"Shading Mode"},"sceneLighting":false,"audioPlay":false,"sceneViewState":{"m_AlwaysRefresh":false,"showFog":true,"showSkybox":true,"showFlares":true,"showImageEffects":true,"showParticleSystems":true,"showVisualEffectGraphs":true,"m_FxEnabled":true},"in2DMode":false,"pivot":{"x":23.01087760925293,"y":78.0129165649414,"z":-145.43768310546876},"rotation":{"x":-0.09009140729904175,"y":-0.09856092929840088,"z":0.008532701060175896,"w":-0.9911432266235352},"size":2.0222983360290529,"orthographic":false}