{"cameraMode":{"drawMode":0,"name":"Shaded","section":"Shading Mode"},"sceneLighting":false,"audioPlay":false,"sceneViewState":{"m_AlwaysRefresh":false,"showFog":true,"showSkybox":true,"showFlares":true,"showImageEffects":true,"showParticleSystems":true,"showVisualEffectGraphs":true,"m_FxEnabled":true},"in2DMode":false,"pivot":{"x":-1104.600341796875,"y":183.5766143798828,"z":-30.901275634765626},"rotation":{"x":0.07328400015830994,"y":-0.37567511200904848,"z":0.029816091060638429,"w":0.9233688116073608},"size":103.70199584960938,"orthographic":false}