{"cameraMode":{"drawMode":0,"name":"Shaded","section":"Shading Mode"},"sceneLighting":false,"audioPlay":false,"sceneViewState":{"m_AlwaysRefresh":false,"showFog":true,"showSkybox":true,"showFlares":true,"showImageEffects":true,"showParticleSystems":true,"showVisualEffectGraphs":true,"m_FxEnabled":true},"in2DMode":false,"pivot":{"x":-1128.1959228515625,"y":13.999744415283204,"z":-99.3646469116211},"rotation":{"x":0.09827607870101929,"y":0.019670797511935235,"z":-0.0003494640695862472,"w":0.9951872229576111},"size":107.50232696533203,"orthographic":false}