{"cameraMode":{"drawMode":0,"name":"Shaded","section":"Shading Mode"},"sceneLighting":false,"audioPlay":false,"sceneViewState":{"m_AlwaysRefresh":false,"showFog":true,"showSkybox":true,"showFlares":true,"showImageEffects":true,"showParticleSystems":true,"showVisualEffectGraphs":true,"m_FxEnabled":true},"in2DMode":false,"pivot":{"x":-7.173466682434082,"y":11.544113159179688,"z":173.7424774169922},"rotation":{"x":-0.10776320099830628,"y":-0.022669121623039247,"z":0.00246093375608325,"w":-0.9939242005348206},"size":176.7528839111328,"orthographic":false}