{"cameraMode":{"drawMode":0,"name":"Shaded","section":"Shading Mode"},"sceneLighting":false,"audioPlay":false,"sceneViewState":{"m_AlwaysRefresh":false,"showFog":true,"showSkybox":false,"showFlares":true,"showImageEffects":true,"showParticleSystems":true,"showVisualEffectGraphs":true,"m_FxEnabled":true},"in2DMode":false,"pivot":{"x":679.4595336914063,"y":433.83831787109377,"z":38.18682861328125},"rotation":{"x":-0.005563801620155573,"y":-0.9918918609619141,"z":0.11634793132543564,"w":-0.05719182267785072},"size":160.07644653320313,"orthographic":false}