{"cameraMode":{"drawMode":0,"name":"Shaded","section":"Shading Mode"},"sceneLighting":false,"audioPlay":false,"sceneViewState":{"m_AlwaysRefresh":false,"showFog":true,"showSkybox":false,"showFlares":true,"showImageEffects":true,"showParticleSystems":true,"showVisualEffectGraphs":true,"m_FxEnabled":true},"in2DMode":false,"pivot":{"x":-103.27616882324219,"y":24.343555450439454,"z":-68.36882781982422},"rotation":{"x":0.019980978220701219,"y":-0.9034278392791748,"z":0.042305298149585727,"w":0.42636364698410036},"size":9.044994354248047,"orthographic":false}