{"cameraMode":{"drawMode":0,"name":"Shaded","section":"Shading Mode"},"sceneLighting":true,"audioPlay":false,"sceneViewState":{"m_AlwaysRefresh":false,"showFog":true,"showSkybox":false,"showFlares":true,"showImageEffects":true,"showParticleSystems":true,"showVisualEffectGraphs":true,"m_FxEnabled":true},"in2DMode":false,"pivot":{"x":2.2479891777038576,"y":5.900857925415039,"z":13.368480682373047},"rotation":{"x":0.16844236850738526,"y":-0.6141842007637024,"z":0.13629211485385896,"w":0.7588784098625183},"size":0.27119946479797366,"orthographic":true}