{"cameraMode":{"drawMode":0,"name":"Shaded","section":"Shading Mode"},"sceneLighting":false,"audioPlay":false,"sceneViewState":{"m_AlwaysRefresh":false,"showFog":true,"showSkybox":false,"showFlares":true,"showImageEffects":true,"showParticleSystems":true,"showVisualEffectGraphs":true,"m_FxEnabled":true},"in2DMode":false,"pivot":{"x":-10.419654846191407,"y":4.908049583435059,"z":-0.45904213190078738},"rotation":{"x":-0.011725899763405323,"y":-0.9328211545944214,"z":-0.030521884560585023,"w":0.35907289385795596},"size":11.128464698791504,"orthographic":false}