{"cameraMode":{"drawMode":0,"name":"Shaded","section":"Shading Mode"},"sceneLighting":false,"audioPlay":false,"sceneViewState":{"m_AlwaysRefresh":false,"showFog":false,"showSkybox":false,"showFlares":false,"showImageEffects":false,"showParticleSystems":false,"showVisualEffectGraphs":true,"m_FxEnabled":true},"in2DMode":false,"pivot":{"x":-0.001109391450881958,"y":0.9060154557228088,"z":0.02254393696784973},"rotation":{"x":0.01811123825609684,"y":0.96773761510849,"z":-0.07287098467350006,"w":0.24051901698112489},"size":1.4679828882217408,"orthographic":false}