{"cameraMode":{"drawMode":0,"name":"Shaded","section":"Shading Mode"},"sceneLighting":false,"audioPlay":false,"sceneViewState":{"m_AlwaysRefresh":false,"showFog":true,"showSkybox":false,"showFlares":true,"showImageEffects":true,"showParticleSystems":true,"showVisualEffectGraphs":true,"m_FxEnabled":true},"in2DMode":false,"pivot":{"x":6.289999961853027,"y":-0.07335805892944336,"z":1.5099999904632569},"rotation":{"x":0.028951650485396386,"y":0.09094047546386719,"z":-0.0029253538232296707,"w":0.9955317378044128},"size":0.8660253882408142,"orthographic":false}