{"cameraMode":{"drawMode":0,"name":"Shaded","section":"Shading Mode"},"sceneLighting":false,"audioPlay":false,"sceneViewState":{"m_AlwaysRefresh":false,"showFog":false,"showSkybox":false,"showFlares":false,"showImageEffects":false,"showParticleSystems":false,"showVisualEffectGraphs":true,"m_FxEnabled":true},"in2DMode":false,"pivot":{"x":-0.49765610694885256,"y":2.652630090713501,"z":-0.2198638916015625},"rotation":{"x":-0.011418379843235016,"y":0.9885836839675903,"z":-0.10928495228290558,"w":-0.10327191650867462},"size":2.891582727432251,"orthographic":false}