{"cameraMode":{"drawMode":0,"name":"Shaded","section":"Shading Mode"},"sceneLighting":false,"audioPlay":false,"sceneViewState":{"m_AlwaysRefresh":false,"showFog":true,"showSkybox":false,"showFlares":true,"showImageEffects":true,"showParticleSystems":true,"showVisualEffectGraphs":true,"m_FxEnabled":true},"in2DMode":false,"pivot":{"x":-7.82310962677002e-8,"y":-0.010067731142044068,"z":0.3436143100261688},"rotation":{"x":-0.12749896943569184,"y":-0.8740967512130737,"z":0.3547849655151367,"w":-0.30749791860580447},"size":0.4133855402469635,"orthographic":false}